{
    "NCF": {
        "original": {
            "mse": 0.895452999066239,
            "rmse": 0.9462837835798725,
            "mae": 0.6740142562794276,
            "mape": 24.389925893427176
        },
        "laplace_\u03b50.1": {
            "mse": 5.763831952663847,
            "rmse": 2.400798190740706,
            "mae": 1.7687301281890317,
            "mape": 45.26838463861119
        },
        "laplace_\u03b51.0": {
            "mse": 1.7782915930014909,
            "rmse": 1.3335260001220415,
            "mae": 0.9200451555106122,
            "mape": 29.12486195428975
        },
        "laplace_\u03b510.0": {
            "mse": 0.9092508305397938,
            "rmse": 0.9535464490730349,
            "mae": 0.6746210861119087,
            "mape": 24.376982139529463
        },
        "gaussian_\u03b50.1": {
            "mse": 6.786424337953771,
            "rmse": 2.6050766472320483,
            "mae": 1.9737207556324312,
            "mape": 49.273283685514365
        },
        "gaussian_\u03b51.0": {
            "mse": 4.737811658008213,
            "rmse": 2.1766514783052,
            "mae": 1.5684717573180689,
            "mape": 41.5081629877544
        },
        "gaussian_\u03b510.0": {
            "mse": 1.0394211081046352,
            "rmse": 1.0195200381084402,
            "mae": 0.7186906353726477,
            "mape": 25.212746164613243
        }
    },
    "DeepFM": {
        "original": {
            "mse": 0.90773483577053,
            "rmse": 0.952751193003992,
            "mae": 0.7403354135102732,
            "mape": 26.332543357865738
        },
        "laplace_\u03b50.1": {
            "mse": 5.800334137703188,
            "rmse": 2.408388286324111,
            "mae": 1.7806520102795453,
            "mape": 45.833560381213324
        },
        "laplace_\u03b51.0": {
            "mse": 1.8671940525062467,
            "rmse": 1.36645309195239,
            "mae": 0.9744123273927661,
            "mape": 30.389442801132756
        },
        "laplace_\u03b510.0": {
            "mse": 0.920524935442431,
            "rmse": 0.9594399071554356,
            "mae": 0.7380082619278676,
            "mape": 26.240424271160702
        },
        "gaussian_\u03b50.1": {
            "mse": 6.620545066865873,
            "rmse": 2.5730419870001873,
            "mae": 1.9311193641640076,
            "mape": 49.46824766203357
        },
        "gaussian_\u03b51.0": {
            "mse": 4.816123618244682,
            "rmse": 2.1945668406874015,
            "mae": 1.5938608686394102,
            "mape": 42.784137339027886
        },
        "gaussian_\u03b510.0": {
            "mse": 1.110196574798628,
            "rmse": 1.0536586614262837,
            "mae": 0.7738827239983973,
            "mape": 26.99161331319552
        }
    }
}